{
  "battle:1768141296616": {
    "totalRounds": 1,
    "totalQueries": 40,
    "configWins": {
      "Q-Learning Only": 1,
      "Decision Transformer": 0,
      "Hybrid (Q+DT)": 0,
      "Full Stack": 0
    },
    "overallWinner": "Q-Learning Only",
    "detailedResults": [
      {
        "configName": "Q-Learning Only",
        "totalQueries": 10,
        "successfulQueries": 8,
        "successRate": 0.8,
        "averageConfidence": 0.775,
        "averageLatency": 0.06828740000128164,
        "minLatency": 0.008958000005804934,
        "maxLatency": 0.4462500000008731,
        "p95Latency": 0.4462500000008731,
        "totalQValue": 0.7,
        "averageQValue": 0.06999999999999999,
        "actionDistribution": {}
      },
      {
        "configName": "Decision Transformer",
        "totalQueries": 10,
        "successfulQueries": 8,
        "successRate": 0.8,
        "averageConfidence": 0.7601000000000001,
        "averageLatency": 0.01057900000087102,
        "minLatency": 0.004583000001730397,
        "maxLatency": 0.025708000001031905,
        "p95Latency": 0.025708000001031905,
        "totalQValue": 0.7,
        "averageQValue": 0.06999999999999999,
        "actionDistribution": {}
      },
      {
        "configName": "Hybrid (Q+DT)",
        "totalQueries": 10,
        "successfulQueries": 8,
        "successRate": 0.8,
        "averageConfidence": 0.7051999999999999,
        "averageLatency": 0.0072628000016266014,
        "minLatency": 0.004207999998470768,
        "maxLatency": 0.014834000001428649,
        "p95Latency": 0.014834000001428649,
        "totalQValue": 0.6,
        "averageQValue": 0.06,
        "actionDistribution": {}
      },
      {
        "configName": "Full Stack",
        "totalQueries": 10,
        "successfulQueries": 8,
        "successRate": 0.8,
        "averageConfidence": 0.6900999999999999,
        "averageLatency": 0.006104400000185706,
        "minLatency": 0.003625000004831236,
        "maxLatency": 0.010625000002619345,
        "p95Latency": 0.010625000002619345,
        "totalQValue": 0.6,
        "averageQValue": 0.06,
        "actionDistribution": {}
      }
    ],
    "timestamp": 1768141296616
  },
  "battle:1768142106487": {
    "totalRounds": 3,
    "totalQueries": 600,
    "configWins": {
      "Q-Learning Only": 0,
      "Decision Transformer": 3,
      "Hybrid (Q+DT)": 0,
      "Full Stack": 0
    },
    "overallWinner": "Decision Transformer",
    "detailedResults": [
      {
        "configName": "Decision Transformer",
        "totalQueries": 150,
        "successfulQueries": 126,
        "successRate": 0.84,
        "averageConfidence": 0.7430266677766677,
        "averageLatency": 0.0047219466666380576,
        "minLatency": 0.001374999999825377,
        "maxLatency": 0.028124999997089617,
        "p95Latency": 0.010833333336146703,
        "totalQValue": 4.146666666666667,
        "averageQValue": 0.08293333333333335,
        "actionDistribution": {}
      },
      {
        "configName": "Q-Learning Only",
        "totalQueries": 150,
        "successfulQueries": 123,
        "successRate": 0.82,
        "averageConfidence": 0.708377801827802,
        "averageLatency": 0.009229959999987235,
        "minLatency": 0.0013330000001587905,
        "maxLatency": 0.35141599999769824,
        "p95Latency": 0.0262223333362878,
        "totalQValue": 3.891666666666667,
        "averageQValue": 0.07783333333333335,
        "actionDistribution": {}
      },
      {
        "configName": "Full Stack",
        "totalQueries": 150,
        "successfulQueries": 117,
        "successRate": 0.78,
        "averageConfidence": 0.7162228989528989,
        "averageLatency": 0.0035897199999211198,
        "minLatency": 0.0012500000011641532,
        "maxLatency": 0.01299999999901047,
        "p95Latency": 0.007472333330952097,
        "totalQValue": 3.6900000000000013,
        "averageQValue": 0.07380000000000002,
        "actionDistribution": {}
      },
      {
        "configName": "Hybrid (Q+DT)",
        "totalQueries": 150,
        "successfulQueries": 114,
        "successRate": 0.76,
        "averageConfidence": 0.7071389947089948,
        "averageLatency": 0.004059979999874485,
        "minLatency": 0.0011669999948935583,
        "maxLatency": 0.026499999999941792,
        "p95Latency": 0.008583333335991483,
        "totalQValue": 3.656666666666668,
        "averageQValue": 0.07313333333333336,
        "actionDistribution": {}
      }
    ],
    "timestamp": 1768142106487
  },
  "battle:1768143916436": {
    "totalRounds": 5,
    "totalQueries": 5000,
    "configWins": {
      "Q-Learning Only": 1,
      "Decision Transformer": 0,
      "Hybrid (Q+DT)": 2,
      "Full Stack": 2
    },
    "overallWinner": "Hybrid (Q+DT)",
    "detailedResults": [
      {
        "configName": "Full Stack",
        "totalQueries": 240,
        "successfulQueries": 215,
        "successRate": 0.8733333333333334,
        "averageConfidence": 0.816589849863976,
        "averageLatency": 0.005141316667504725,
        "minLatency": 0.0014580000133719295,
        "maxLatency": 0.055958000011742115,
        "p95Latency": 0.009250000002793968,
        "totalQValue": 41.90090000000006,
        "averageQValue": 0.17458708333333356,
        "actionDistribution": {
          "RETRIEVE_KNOWLEDGE": 106,
          "REASON_STEP_BY_STEP": 43,
          "SYNTHESIZE_RESPONSE": 33,
          "DELEGATE_TO_PEER": 33,
          "REQUEST_CLARIFICATION": 25
        },
        "categoryResults": {
          "A": {
            "total": 120,
            "correct": 109,
            "accuracy": 0.8766666666666666
          },
          "B": {
            "total": 75,
            "correct": 66,
            "accuracy": 0.8560000000000001
          },
          "C": {
            "total": 45,
            "correct": 40,
            "accuracy": 0.8933333333333333
          }
        },
        "bonusPoints": {
          "oodaEfficiency": 15,
          "qLearningConvergence": 15,
          "crossFeatureCoordination": 20
        },
        "finalScore": 217.66666666666669
      },
      {
        "configName": "Hybrid (Q+DT)",
        "totalQueries": 240,
        "successfulQueries": 209,
        "successRate": 0.8783333333333333,
        "averageConfidence": 0.804142832383308,
        "averageLatency": 0.007224987500861365,
        "minLatency": 0.001707999996142462,
        "maxLatency": 0.16750000001047738,
        "p95Latency": 0.01362500002142042,
        "totalQValue": 42.31785000000008,
        "averageQValue": 0.17632437500000034,
        "actionDistribution": {
          "RETRIEVE_KNOWLEDGE": 106,
          "REQUEST_CLARIFICATION": 31,
          "REASON_STEP_BY_STEP": 35,
          "DELEGATE_TO_PEER": 34,
          "SYNTHESIZE_RESPONSE": 34
        },
        "categoryResults": {
          "A": {
            "total": 120,
            "correct": 108,
            "accuracy": 0.9083333333333332
          },
          "B": {
            "total": 75,
            "correct": 62,
            "accuracy": 0.8480000000000001
          },
          "C": {
            "total": 45,
            "correct": 39,
            "accuracy": 0.8488888888888889
          }
        },
        "bonusPoints": {
          "oodaEfficiency": 15,
          "qLearningConvergence": 15,
          "crossFeatureCoordination": 20
        },
        "finalScore": 216.66666666666666
      },
      {
        "configName": "Q-Learning Only",
        "totalQueries": 240,
        "successfulQueries": 219,
        "successRate": 0.8783333333333333,
        "averageConfidence": 0.8266098347200791,
        "averageLatency": 0.005236087501665073,
        "minLatency": 0.0016250000044237822,
        "maxLatency": 0.10912499998812564,
        "p95Latency": 0.010167000000365078,
        "totalQValue": 45.050500000000014,
        "averageQValue": 0.1877104166666667,
        "actionDistribution": {
          "RETRIEVE_KNOWLEDGE": 105,
          "SYNTHESIZE_RESPONSE": 43,