{
  "version": "1.0.0",
  "config": {
    "learningRate": 0.1,
    "gamma": 0.99,
    "explorationDecayType": "exponential",
    "numActions": 8
  },
  "qTable": {
    "fstate_4gfz7k": {
      "qValues": [
        4.359684944152832,
        0,
        0,
        0,
        0,
        0,
        0,
        0
      ],
      "visits": 32008
    }
  },
  "stats": {
    "stepCount": 1000,
    "updateCount": 1000,
    "avgTDError": 2.505212607779507,
    "epsilon": 0.6346478335001402
  },
  "metadata": {
    "savedAt": "2026-01-10T21:16:31.775Z",
    "totalExperiences": 1000
  }
}